City_ID,City,Lat,Lng,Max Temp,Humidity,Cloudiness,Wind Speed,Country,Date
0,Wanning,18.8003,110.3967,53.8,69,98,16.64,CN,2021-01-11 22:51:10
1,Hilo,19.7297,-155.09,80.6,61,40,5.75,US,2021-01-11 22:50:24
2,Ixtapa,20.7,-105.2,71.6,78,1,10.36,MX,2021-01-11 22:50:30
3,Chokurdakh,70.6333,147.9167,-27.36,83,87,1.16,RU,2021-01-11 22:50:43
4,Ilulissat,69.2167,-51.1,24.8,93,90,2.3,GL,2021-01-11 22:50:46
5,Nome,64.5011,-165.4064,15.8,73,90,17.27,US,2021-01-11 22:54:08
6,Kapaa,22.0752,-159.319,80.6,69,40,9.22,US,2021-01-11 22:46:05
7,Causapscal,48.3542,-67.227,18.46,95,93,0.38,CA,2021-01-11 22:57:02
8,Cockburn Town,21.4612,-71.1419,78.8,73,40,11.5,TC,2021-01-11 22:50:53
9,Rawson,-43.3002,-65.1023,61.2,37,50,7.81,AR,2021-01-11 22:50:54
10,Zwedru,6.0667,-8.1281,72.52,96,93,3.18,LR,2021-01-11 22:57:02
11,Lethem,3.3803,-59.7968,78.06,75,79,11.23,GY,2021-01-11 22:57:02
12,Sidi Ali,36.0998,0.4206,47.43,88,99,3.36,DZ,2021-01-11 22:57:02
13,Ushuaia,-54.8,-68.3,46.4,71,75,3.44,AR,2021-01-11 22:47:40
14,Mount Isa,-20.7333,139.5,87.8,48,1,8.05,AU,2021-01-11 22:50:31
15,Butaritari,3.0707,172.7902,80.78,81,78,22.44,KI,2021-01-11 22:50:46
16,Rikitea,-23.1203,-134.9692,78.22,76,100,18.59,PF,2021-01-11 22:50:24
17,Saint-Philippe,-21.3585,55.7679,77.0,88,20,4.61,RE,2021-01-11 22:50:35
18,Lixourion,38.2019,20.4314,58.96,87,100,2.35,GR,2021-01-11 22:57:03
19,Bluff,-46.6,168.3333,60.8,64,1,4.94,NZ,2021-01-11 22:50:30
20,Port Hardy,50.6996,-127.4199,48.2,87,40,16.11,CA,2021-01-11 22:56:37
21,Klaksvik,62.2266,-6.589,35.6,75,40,21.85,FO,2021-01-11 22:50:55
22,Saskylakh,71.9167,114.0833,-18.26,87,100,7.05,RU,2021-01-11 22:50:27
23,Alofi,-19.0595,-169.9187,84.2,70,75,8.05,NU,2021-01-11 22:50:14
24,Barrow,71.2906,-156.7887,1.4,71,90,23.02,US,2021-01-11 22:50:34
25,Nikolskoye,59.7035,30.7861,10.4,79,75,13.42,RU,2021-01-11 22:50:39
26,Belaya Gora,68.5333,146.4167,-37.25,84,43,0.25,RU,2021-01-11 22:54:39
27,Vasylivka,47.4369,35.2742,26.83,95,25,4.16,UA,2021-01-11 22:57:03
28,Norman Wells,65.282,-126.8329,1.4,92,90,3.44,CA,2021-01-11 22:50:41
29,Tecpan,14.7623,-90.9947,78.01,53,20,16.11,GT,2021-01-11 22:57:04
30,Ambulu,-8.345,113.6058,77.43,88,82,3.74,ID,2021-01-11 22:56:54
31,Hithadhoo,-0.6,73.0833,80.83,78,69,17.4,MV,2021-01-11 22:50:36
32,Laguna,38.421,-121.4238,60.01,62,1,4.61,US,2021-01-11 22:51:18
33,Port Alfred,-33.5906,26.891,72.68,90,91,15.57,ZA,2021-01-11 22:50:41
34,Nouadhibou,20.931,-17.0347,66.2,52,100,24.16,MR,2021-01-11 22:57:04
35,La Trinidad,16.455,120.5875,53.82,98,39,4.07,PH,2021-01-11 22:57:04
36,Uong Bi,21.0333,106.7833,53.6,37,0,5.75,VN,2021-01-11 22:57:04
37,Tiksi,71.6872,128.8694,-35.37,82,81,8.19,RU,2021-01-11 22:50:40
38,Avarua,-21.2078,-159.775,84.2,74,20,13.8,CK,2021-01-11 22:48:16
39,Katsuura,35.1333,140.3,37.99,65,75,6.91,JP,2021-01-11 22:50:37
40,Lavrentiya,65.5833,-171.0,-11.74,82,100,11.34,RU,2021-01-11 22:51:07
41,Constitucion,-35.3333,-72.4167,60.03,54,0,19.44,CL,2021-01-11 22:51:11
42,Vaini,-21.2,-175.2,84.2,65,75,8.05,TO,2021-01-11 22:50:41
43,Panama City,8.9936,-79.5197,84.2,79,40,11.5,PA,2021-01-11 22:54:22
44,Tabou,4.423,-7.3528,77.97,86,100,7.16,CI,2021-01-11 22:54:25
45,Tulun,54.5611,100.5792,-5.57,88,100,10.11,RU,2021-01-11 22:57:05
46,Chuy,-33.6971,-53.4616,72.01,92,100,7.65,UY,2021-01-11 22:50:47
47,Bredasdorp,-34.5322,20.0403,66.2,94,100,9.22,ZA,2021-01-11 22:50:39
48,Ponta Do Sol,32.6667,-17.1,55.0,65,13,1.99,PT,2021-01-11 22:50:30
49,Albany,42.6001,-73.9662,30.99,70,99,2.08,US,2021-01-11 22:46:48
50,East London,-33.0153,27.9116,73.06,89,81,10.27,ZA,2021-01-11 22:50:26
51,Hobart,-42.8794,147.3294,66.99,59,40,17.27,AU,2021-01-11 22:46:43
52,Jamestown,42.097,-79.2353,33.01,80,90,11.5,US,2021-01-11 22:50:38
53,Isiro,2.7739,27.616,67.5,65,0,1.86,CD,2021-01-11 22:50:49
54,Thunder Bay,48.4001,-89.3168,32.0,80,90,8.05,CA,2021-01-11 22:57:06
55,Yellowknife,62.456,-114.3525,12.99,92,40,5.75,CA,2021-01-11 22:50:45
56,Kaeo,-35.1,173.7833,70.88,56,73,6.55,NZ,2021-01-11 22:54:48
57,Mataura,-46.1927,168.8643,70.36,42,1,1.45,NZ,2021-01-11 22:50:26
58,Hofn,64.2539,-15.2082,30.07,87,0,3.67,IS,2021-01-11 22:50:54
59,Iqaluit,63.7506,-68.5145,6.8,78,90,2.86,CA,2021-01-11 22:48:36
60,Nanortalik,60.1432,-45.2371,30.87,93,100,4.38,GL,2021-01-11 22:50:33
61,Hermanus,-34.4187,19.2345,68.0,87,89,4.0,ZA,2021-01-11 22:50:35
62,Atuona,-9.8,-139.0333,77.56,81,17,16.2,PF,2021-01-11 22:50:33
63,Punta Arenas,-53.15,-70.9167,50.0,57,75,37.98,CL,2021-01-11 22:50:33
64,Mar Del Plata,-38.0023,-57.5575,68.0,60,0,14.97,AR,2021-01-11 22:50:23
65,Bengkulu,-3.8004,102.2655,75.02,95,100,10.2,ID,2021-01-11 22:51:03
66,Deputatskiy,69.3,139.9,-39.78,79,0,1.03,RU,2021-01-11 22:51:20
67,Bethel,41.3712,-73.414,30.99,69,90,1.88,US,2021-01-11 22:49:05
68,Srednekolymsk,67.45,153.6833,-34.96,82,3,4.83,RU,2021-01-11 22:57:07
69,New Norfolk,-42.7826,147.0587,66.99,65,52,3.0,AU,2021-01-11 22:50:46
70,Maldonado,-34.6667,-54.9167,71.01,88,90,11.5,UY,2021-01-11 22:57:07
71,Flinders,-34.5833,150.8552,78.01,71,100,1.99,AU,2021-01-11 22:51:16
72,Busselton,-33.65,115.3333,57.99,78,100,10.36,AU,2021-01-11 22:50:29
73,Nichinan,31.6,131.3667,41.0,93,75,2.3,JP,2021-01-11 22:56:33
74,Aku,6.7081,7.3167,76.75,63,1,5.21,NG,2021-01-11 22:57:07
75,Cape Town,-33.9258,18.4232,70.0,68,0,14.97,ZA,2021-01-11 22:50:26
76,Geraldton,-28.7667,114.6,73.4,78,54,12.66,AU,2021-01-11 22:50:38
77,Puerto Escondido,15.85,-97.0667,80.6,69,20,3.44,MX,2021-01-11 22:57:08
78,Arraial Do Cabo,-22.9661,-42.0278,76.89,88,59,22.48,BR,2021-01-11 22:48:46
79,Ilorin,8.5,4.55,77.36,49,1,7.02,NG,2021-01-11 22:57:08
80,Safford,32.834,-109.7076,53.6,28,1,8.05,US,2021-01-11 22:57:08
81,Abu Samrah,35.3029,37.1841,54.23,46,98,3.49,SY,2021-01-11 22:57:08
82,Mehamn,71.0357,27.8492,12.2,67,0,10.36,NO,2021-01-11 22:50:59
83,Yenagoa,4.9247,6.2642,76.91,88,0,6.13,NG,2021-01-11 22:57:08
84,Carovigno,40.708,17.655,51.8,82,75,9.22,IT,2021-01-11 22:57:08
85,Yerbogachen,61.2767,108.0108,-33.59,83,96,2.89,RU,2021-01-11 22:51:09
86,Victoria,22.2855,114.1577,48.99,31,22,1.99,HK,2021-01-11 22:47:17
87,Oystese,60.3882,6.1925,24.01,93,19,3.11,NO,2021-01-11 22:57:09
88,Port Blair,11.6667,92.75,78.71,79,12,12.21,IN,2021-01-11 22:51:10
89,Tuktoyaktuk,69.4541,-133.0374,3.2,85,90,14.97,CA,2021-01-11 22:50:41
90,Buraydah,26.326,43.975,51.8,76,0,4.61,SA,2021-01-11 22:56:26
91,Ebebiyin,2.1511,11.3353,71.51,90,28,4.68,GQ,2021-01-11 22:57:09
92,Gorom-Gorom,14.4439,-0.2361,74.62,18,0,8.59,BF,2021-01-11 22:57:09
93,Pochutla,15.7432,-96.4661,87.01,48,20,8.05,MX,2021-01-11 22:57:10
94,Aklavik,68.2191,-135.0107,3.2,85,100,2.3,CA,2021-01-11 22:50:35
95,San Blas,21.5167,-105.2667,78.8,47,1,6.91,MX,2021-01-11 22:57:10
96,Yanaul,56.2719,54.9309,-5.91,90,100,12.75,RU,2021-01-11 22:53:02
97,Puerto Carreno,6.189,-67.4859,81.57,67,34,12.21,CO,2021-01-11 22:56:37
98,Qaanaaq,77.484,-69.3632,1.35,73,1,6.91,GL,2021-01-11 22:50:42
99,Praia Da Vitoria,38.7333,-27.0667,61.0,100,40,7.94,PT,2021-01-11 22:56:35
100,Mastic Beach,40.7668,-72.8521,35.6,64,90,4.61,US,2021-01-11 22:57:10
101,Mitsamiouli,-11.3847,43.2844,81.54,79,82,14.47,KM,2021-01-11 22:50:46
102,Mahebourg,-20.4081,57.7,78.8,94,40,18.41,MU,2021-01-11 22:46:07
103,Hastings,50.8552,0.5729,46.0,81,100,5.99,GB,2021-01-11 22:56:19
104,Port Elizabeth,-33.918,25.5701,68.0,94,90,9.22,ZA,2021-01-11 22:49:55
105,Ilhabela,-23.7781,-45.3581,77.9,88,80,8.55,BR,2021-01-11 22:57:11
106,Fortuna,40.5982,-124.1573,60.01,67,1,8.05,US,2021-01-11 22:50:59
107,Buluang,13.3068,123.3425,73.65,82,100,10.56,PH,2021-01-11 22:57:11
108,Ribeira Grande,38.5167,-28.7,62.62,89,100,19.57,PT,2021-01-11 22:50:29
109,Pangnirtung,66.1451,-65.7125,1.4,78,20,3.44,CA,2021-01-11 22:50:37
110,Izberbash,42.5696,47.8645,37.4,93,90,8.95,RU,2021-01-11 22:57:11
111,Dali,25.7,100.1833,33.71,90,100,5.17,CN,2021-01-11 22:57:11
112,Dikson,73.5069,80.5464,9.75,96,100,6.35,RU,2021-01-11 22:50:39
113,Tomohon,1.3346,124.8392,77.0,94,20,2.3,ID,2021-01-11 22:57:12
114,Conde,-7.2597,-34.9075,78.8,83,20,6.91,BR,2021-01-11 22:53:46
115,Beyneu,45.3167,55.2,25.25,97,89,7.61,KZ,2021-01-11 22:54:49
116,San Lawrenz,36.0553,14.204,55.99,87,0,8.05,MT,2021-01-11 22:57:12
117,Albina,5.5,-54.05,73.98,95,37,3.65,SR,2021-01-11 22:57:12
118,Lebu,-37.6167,-73.65,56.05,63,0,19.37,CL,2021-01-11 22:50:41
119,Upernavik,72.7868,-56.1549,23.2,94,79,29.15,GL,2021-01-11 22:50:50
120,Port Shepstone,-30.7414,30.455,73.44,81,100,5.97,ZA,2021-01-11 22:56:55
121,Vila Franca Do Campo,37.7167,-25.4333,60.8,94,90,4.61,PT,2021-01-11 22:50:47
122,Carnarvon,-24.8667,113.6333,75.2,100,75,13.8,AU,2021-01-11 22:50:37
123,Sumbuya,7.6467,-11.9611,75.97,89,96,3.47,SL,2021-01-11 22:57:12
124,Road Town,18.4167,-64.6167,78.01,73,20,8.05,VG,2021-01-11 22:54:17
125,Salinopolis,-0.6136,-47.3561,79.52,84,72,9.31,BR,2021-01-11 22:56:17
126,Muros,42.7762,-9.0603,44.01,88,0,7.85,ES,2021-01-11 22:51:05
127,Puerto Madryn,-42.7692,-65.0385,63.03,35,49,13.02,AR,2021-01-11 22:57:13
128,Castro,-24.7911,-50.0119,68.92,95,48,7.05,BR,2021-01-11 22:50:31
129,Lincoln,40.8,-96.667,48.2,46,1,14.97,US,2021-01-11 22:54:22
130,Puerto Leguizamo,-0.1934,-74.7819,77.83,80,62,3.24,CO,2021-01-11 22:50:36
131,Sur,22.5667,59.5289,65.21,50,0,11.39,OM,2021-01-11 22:51:13
132,Port Keats,-14.25,129.55,85.98,77,99,7.4,AU,2021-01-11 22:57:13
133,Rosario,-32.9468,-60.6393,78.01,64,0,10.36,AR,2021-01-11 22:55:43
134,Tasiilaq,65.6145,-37.6368,17.6,73,90,1.14,GL,2021-01-11 22:50:31
135,Awbari,26.5921,12.7805,66.7,24,32,9.75,LY,2021-01-11 22:54:40
136,Airai,-8.9266,125.4092,66.63,97,30,1.28,TL,2021-01-11 22:51:04
137,Ilo,-17.6394,-71.3375,70.74,73,20,4.47,PE,2021-01-11 22:54:20
138,Tarakan,3.3,117.6333,77.0,94,40,6.91,ID,2021-01-11 22:57:14
139,Finnsnes,69.2296,17.9811,15.8,57,32,10.36,NO,2021-01-11 22:57:14
140,Khatanga,71.9667,102.5,-19.95,88,100,5.66,RU,2021-01-11 22:50:42
141,Kuvandyk,51.4781,57.3552,-0.33,91,100,4.5,RU,2021-01-11 22:57:14
142,Talnakh,69.4865,88.3972,-20.13,86,95,1.5,RU,2021-01-11 22:50:54
143,Cidreira,-30.1811,-50.2056,78.1,84,79,26.8,BR,2021-01-11 22:50:29
144,Marystown,47.1666,-55.1483,31.53,92,2,14.47,CA,2021-01-11 22:57:15
145,Zyryanka,65.75,150.85,-40.31,81,51,2.35,RU,2021-01-11 22:56:06
146,Ossora,59.2353,163.0719,3.38,93,100,8.52,RU,2021-01-11 22:50:32
147,Taoudenni,22.6783,-3.9836,60.06,32,91,9.8,ML,2021-01-11 22:50:59
148,Channel-Port Aux Basques,47.5702,-59.1367,29.95,95,96,17.05,CA,2021-01-11 22:57:15
149,Puerto Ayora,-0.7393,-90.3518,78.8,73,75,16.11,EC,2021-01-11 22:50:27
150,Kiruna,67.8557,20.2251,-0.4,85,90,2.59,SE,2021-01-11 22:49:22
151,Yulara,-25.2406,130.9889,86.0,19,0,11.5,AU,2021-01-11 22:50:29
152,Clifton Springs,-38.15,144.5667,68.0,59,90,17.27,AU,2021-01-11 22:56:40
153,Iralaya,15.0,-83.2333,78.48,86,100,13.38,HN,2021-01-11 22:57:15
154,Petropavlovsk-Kamchatskiy,53.0452,158.6483,-0.4,78,63,8.95,RU,2021-01-11 22:51:09
155,San Anselmo,37.9747,-122.5616,60.8,48,1,6.91,US,2021-01-11 22:57:16
156,Hamilton,39.1834,-84.5333,30.2,64,75,4.61,US,2021-01-11 22:46:55
157,Paamiut,61.994,-49.6678,27.63,98,100,14.41,GL,2021-01-11 22:50:47
158,Itarema,-2.9248,-39.9167,77.83,81,28,11.52,BR,2021-01-11 22:54:10
159,Cherskiy,68.75,161.3,-34.85,82,0,1.41,RU,2021-01-11 22:51:05
160,Bambous Virieux,-20.3428,57.7575,79.0,94,40,18.41,MU,2021-01-11 22:51:12
161,Chara,56.9064,118.2631,-22.2,74,100,0.51,RU,2021-01-11 22:51:07
162,Zaysan,47.4667,84.8667,6.06,82,16,1.21,KZ,2021-01-11 22:57:16
163,Tuatapere,-46.1333,167.6833,67.6,44,0,2.64,NZ,2021-01-11 22:50:32
164,Hasaki,35.7333,140.8333,36.0,100,40,8.05,JP,2021-01-11 22:50:37
165,Thinadhoo,0.5333,72.9333,80.65,78,62,16.2,MV,2021-01-11 22:51:09
166,Vardo,70.3705,31.1107,17.6,86,75,19.57,NO,2021-01-11 22:50:49
167,Bouar,5.934,15.596,67.55,25,93,6.46,CF,2021-01-11 22:57:17
168,Svetlaya,46.5389,138.3297,8.53,79,100,3.76,RU,2021-01-11 22:57:17
169,Kununurra,-15.7667,128.7333,82.4,89,75,5.75,AU,2021-01-11 22:51:07
170,Batemans Bay,-35.7167,150.1833,75.0,75,100,4.14,AU,2021-01-11 22:51:22
171,Piacabucu,-10.4056,-36.4344,79.18,79,100,13.65,BR,2021-01-11 22:54:27
172,Tura,25.5198,90.2201,58.57,62,3,2.71,IN,2021-01-11 22:51:03
173,Severo-Kurilsk,50.6789,156.125,24.39,90,99,27.58,RU,2021-01-11 22:50:54
174,Minab,27.1467,57.0801,42.8,39,0,4.61,IR,2021-01-11 22:54:16
175,Atambua,-9.1061,124.8925,78.19,83,29,0.92,ID,2021-01-11 22:50:48
176,Arshan,46.2732,44.22,26.6,100,100,6.71,RU,2021-01-11 22:57:17
177,Saint George,37.1041,-113.5841,51.01,27,1,2.19,US,2021-01-11 22:50:42
178,San Fernando,15.0286,120.6898,71.6,73,75,6.91,PH,2021-01-11 22:54:39
179,San Policarpo,12.1791,125.5072,79.03,86,100,20.69,PH,2021-01-11 22:50:51
180,Melbu,68.5044,14.8297,28.4,59,0,17.27,NO,2021-01-11 22:57:18
181,Faya,18.3851,42.4509,44.6,81,40,8.05,SA,2021-01-11 22:56:44
182,Hambantota,6.1241,81.1185,73.4,100,40,2.3,LK,2021-01-11 22:50:44
183,Burnie,-41.0667,145.9167,70.0,57,6,14.0,AU,2021-01-11 22:54:48
184,Pevek,69.7008,170.3133,-32.06,85,27,1.97,RU,2021-01-11 22:50:32
185,Noumea,-22.2763,166.4572,81.0,89,75,10.36,NC,2021-01-11 22:51:18
186,Harindanga,22.0383,88.3214,66.2,88,98,3.44,IN,2021-01-11 22:57:18
187,Awjilah,29.1081,21.2869,64.4,42,72,10.96,LY,2021-01-11 22:56:04
188,Umm Lajj,25.0213,37.2685,75.42,32,0,18.34,SA,2021-01-11 22:54:52
189,San Isidro,-12.1167,-77.05,73.0,73,40,13.8,PE,2021-01-11 22:53:48
190,Esperance,-33.8667,121.9,55.4,71,71,8.05,AU,2021-01-11 22:50:55
191,Krasnoselkup,65.7,82.4667,-1.86,92,98,13.89,RU,2021-01-11 22:54:32
192,Isangel,-19.55,169.2667,80.6,94,90,7.96,VU,2021-01-11 22:54:21
193,Moron,-34.6534,-58.6198,77.0,65,0,8.05,AR,2021-01-11 22:57:19
194,Antofagasta,-23.65,-70.4,66.2,77,40,18.41,CL,2021-01-11 22:57:17
195,Macae,-22.3708,-41.7869,78.8,83,40,8.05,BR,2021-01-11 22:57:19
196,Ahipara,-35.1667,173.1667,71.53,53,81,3.65,NZ,2021-01-11 22:50:48
197,Troitskoye,52.9821,84.6757,3.33,93,100,7.4,RU,2021-01-11 22:57:19
198,Vestmanna,62.1564,-7.1664,35.6,75,40,21.85,FO,2021-01-11 22:51:16
199,Provideniya,64.3833,-173.3,-0.4,65,0,4.47,RU,2021-01-11 22:50:39
200,Veydelevka,50.1521,38.4492,24.15,97,91,4.88,RU,2021-01-11 22:57:19
201,Souillac,-20.5167,57.5167,78.8,94,40,18.41,MU,2021-01-11 22:50:36
202,Torbay,47.6666,-52.7314,27.0,86,90,9.22,CA,2021-01-11 22:50:26
203,Avera,33.194,-82.5271,48.2,87,90,6.91,US,2021-01-11 22:50:58
204,San Jose,37.3394,-121.895,64.0,55,75,3.44,US,2021-01-11 22:55:58
205,Yushu,44.8,126.5333,0.09,93,64,6.4,CN,2021-01-11 22:57:20
206,Hobyo,5.3505,48.5268,74.75,74,3,20.56,SO,2021-01-11 22:54:15
207,Altay,47.8667,88.1167,9.77,71,25,1.74,CN,2021-01-11 22:54:48
208,Quixada,-4.9714,-39.0153,78.8,70,81,9.55,BR,2021-01-11 22:57:20
209,Luderitz,-26.6481,15.1594,66.33,73,0,18.54,NA,2021-01-11 22:50:50
210,Razole,16.4833,81.8333,66.67,96,60,2.95,IN,2021-01-11 22:57:20
211,Bihoro,43.8228,144.1044,13.5,91,100,3.22,JP,2021-01-11 22:57:20
212,Oriximina,-1.7656,-55.8661,80.15,70,35,2.33,BR,2021-01-11 22:57:21
213,Tsiroanomandidy,-18.7667,46.0333,70.21,88,94,1.48,MG,2021-01-11 22:57:21
214,Pacific Grove,36.6177,-121.9166,64.4,52,1,5.55,US,2021-01-11 22:51:00
215,Kaitangata,-46.2817,169.8464,63.0,54,1,5.01,NZ,2021-01-11 22:51:11
216,Yamada,39.4667,141.95,28.98,97,100,3.91,JP,2021-01-11 22:57:21
217,Portree,57.4129,-6.1942,34.0,85,80,1.01,GB,2021-01-11 22:57:21
218,Bay City,43.5945,-83.8889,28.99,80,90,13.8,US,2021-01-11 22:57:21
219,Narsaq,60.9167,-46.05,42.8,33,75,23.02,GL,2021-01-11 22:50:26
220,Komsomolskiy,40.4272,71.7189,24.8,63,11,4.61,UZ,2021-01-11 22:50:37
221,Yar-Sale,66.8333,70.8333,-4.92,85,100,10.98,RU,2021-01-11 22:57:21
222,Kodiak,57.79,-152.4072,35.6,87,90,5.75,US,2021-01-11 22:47:42
223,Sargodha,32.0836,72.6711,48.42,40,0,1.81,PK,2021-01-11 22:55:11
224,Lompoc,34.6391,-120.4579,62.6,48,1,9.22,US,2021-01-11 22:47:30
225,Faanui,-16.4833,-151.75,81.36,76,100,21.25,PF,2021-01-11 22:50:25
226,Athabasca,54.7169,-113.2854,32.0,64,71,6.91,CA,2021-01-11 22:50:43
227,Teeli,51.0333,90.2333,3.58,90,87,1.03,RU,2021-01-11 22:56:20
228,Parry Sound,45.3501,-80.033,32.0,80,100,9.93,CA,2021-01-11 22:56:50
229,Biak,-0.9131,122.8766,79.27,75,97,0.74,ID,2021-01-11 22:50:58
230,Broken Hill,-31.95,141.4333,69.8,60,0,17.27,AU,2021-01-11 22:57:22
231,Cabo San Lucas,22.8909,-109.9124,72.0,49,1,6.91,MX,2021-01-11 22:50:50
232,Vuktyl,63.8567,57.3094,-11.65,84,86,3.76,RU,2021-01-11 22:57:22
233,Manggar,-2.8833,108.2667,78.85,86,100,12.28,ID,2021-01-11 22:50:52
234,Hervey Bay,-25.2986,152.8535,78.01,70,14,5.99,AU,2021-01-11 22:51:05
235,Newberg,45.3001,-122.9732,48.2,93,90,2.37,US,2021-01-11 22:55:19
236,Pisco,-13.7,-76.2167,75.2,73,0,23.02,PE,2021-01-11 22:50:57
237,Kavieng,-2.5744,150.7967,84.29,72,85,9.95,PG,2021-01-11 22:50:40
238,Lorengau,-2.0226,147.2712,84.81,72,100,8.39,PG,2021-01-11 22:50:38
239,Saldanha,-33.0117,17.9442,64.4,72,0,5.75,ZA,2021-01-11 22:50:47
240,Gaoyou,32.7858,119.4278,30.99,59,0,11.65,CN,2021-01-11 22:53:01
241,Portland,45.5234,-122.6762,48.0,76,90,16.11,US,2021-01-11 22:54:05
242,Daboh,26.0025,78.8761,46.81,59,0,4.72,IN,2021-01-11 22:57:23
243,Constantine,36.365,6.6147,39.2,93,75,6.91,DZ,2021-01-11 22:54:49
244,Thompson,55.7435,-97.8558,21.2,100,90,5.75,CA,2021-01-11 22:50:40
245,Port Lincoln,-34.7333,135.8667,62.73,66,46,13.76,AU,2021-01-11 22:50:33
246,Pokhara,28.2333,83.9833,51.89,45,97,3.02,NP,2021-01-11 22:57:23
247,Teya,60.3778,92.6267,-17.59,85,86,3.67,RU,2021-01-11 22:50:46
248,San Andres,12.5847,-81.7006,81.79,80,100,19.82,CO,2021-01-11 22:51:20
249,Mount Gambier,-37.8333,140.7667,60.8,59,90,12.66,AU,2021-01-11 22:50:47
250,Adrar,20.5022,-10.0711,57.58,37,100,11.14,MR,2021-01-11 22:51:05
251,Asyut,27.181,31.1837,60.8,59,0,9.22,EG,2021-01-11 22:56:51
252,Turukhansk,65.8167,87.9833,-5.66,92,100,6.91,RU,2021-01-11 22:50:41
253,Nevel,56.0209,29.9284,16.81,98,83,4.76,RU,2021-01-11 22:57:24
254,Rafaela,-31.2503,-61.4867,67.37,87,81,17.29,AR,2021-01-11 22:57:24
255,Duvan,55.695,57.9024,-6.68,90,100,12.57,RU,2021-01-11 22:57:24
256,Kahului,20.8947,-156.47,84.2,51,40,12.66,US,2021-01-11 22:50:34
257,Dubai,25.2582,55.3047,60.8,59,0,2.3,AE,2021-01-11 22:54:50
258,Harnai,30.1005,67.9374,46.58,36,0,2.93,PK,2021-01-11 22:57:24
259,Inhambane,-23.865,35.3833,77.05,86,31,7.07,MZ,2021-01-11 22:50:53
260,Mirnyy,62.5353,113.9611,-40.63,81,92,1.19,RU,2021-01-11 22:57:24
261,Cap Malheureux,-19.9842,57.6142,79.0,87,98,10.0,MU,2021-01-11 22:50:55
262,Vostok,46.4856,135.8833,-5.42,86,99,3.8,RU,2021-01-11 22:56:05
263,Riberalta,-10.9833,-66.1,82.6,70,60,1.83,BO,2021-01-11 22:57:25
264,San Patricio,28.017,-97.5169,51.8,54,75,14.97,US,2021-01-11 22:50:59
265,Teguldet,57.3064,88.1667,-26.16,85,0,3.4,RU,2021-01-11 22:56:16
266,Methoni,36.8197,21.7049,64.4,77,76,9.22,GR,2021-01-11 22:57:25
267,Nhulunbuy,-12.2333,136.7667,86.0,79,35,9.22,AU,2021-01-11 22:56:54
268,Pyinmana,19.7333,96.2167,66.56,79,39,2.55,MM,2021-01-11 22:57:25
269,Aljezur,37.3191,-8.8033,35.01,29,0,6.08,PT,2021-01-11 22:57:26
270,Manokwari,-0.8667,134.0833,80.35,78,100,0.31,ID,2021-01-11 22:57:26
271,Marshall,34.3834,-86.3333,41.0,100,90,4.61,US,2021-01-11 22:56:20
272,Berlevag,70.8578,29.0864,12.2,67,0,10.36,NO,2021-01-11 22:50:26
273,Auki,-8.7676,160.7034,83.26,78,100,3.96,SB,2021-01-11 22:51:17
274,Redcliffe,-27.2307,153.0973,79.0,61,20,9.22,AU,2021-01-11 22:54:28
275,Ostrovnoy,68.0531,39.5131,4.17,91,1,16.55,RU,2021-01-11 22:50:28
276,Clyde River,70.4692,-68.5914,3.2,85,90,19.57,CA,2021-01-11 22:50:32
277,Victor Harbor,-35.5667,138.6167,64.0,71,90,5.01,AU,2021-01-11 22:57:26
278,Hovd,48.0056,91.6419,16.23,71,17,6.04,MN,2021-01-11 22:54:50
279,Presidencia Roque Saenz Pena,-26.7852,-60.4388,96.03,34,23,6.76,AR,2021-01-11 22:57:26
280,Guapore,-28.8456,-51.8903,89.01,58,10,1.01,BR,2021-01-11 22:56:22
281,Caravelas,-17.7125,-39.2481,77.0,85,0,7.18,BR,2021-01-11 22:51:03
282,Ketchikan,55.3422,-131.6461,44.6,81,75,16.11,US,2021-01-11 22:50:55
283,Kathmandu,27.7167,85.3167,44.6,93,20,2.3,NP,2021-01-11 22:51:40
284,Salamiyah,35.0113,37.0532,56.77,42,97,5.84,SY,2021-01-11 22:57:27
285,Pampa,35.5362,-100.9599,44.6,56,1,9.22,US,2021-01-11 22:57:27
286,Casablanca,33.5928,-7.6192,51.01,100,20,4.61,MA,2021-01-11 22:53:47
287,Sao Desiderio,-12.3633,-44.9733,77.31,68,76,1.5,BR,2021-01-11 22:57:27
288,Salisbury,51.0693,-1.7957,48.0,93,75,16.11,GB,2021-01-11 22:57:27
289,Udachnyy,66.4167,112.4,-31.29,78,70,4.41,RU,2021-01-11 22:54:03
290,Georgetown,5.4112,100.3354,80.6,73,20,3.44,MY,2021-01-11 22:47:28
291,Alto Araguaia,-17.3147,-53.2153,75.43,76,100,2.84,BR,2021-01-11 22:57:27
292,Grenaa,56.4158,10.8783,42.8,100,75,5.75,DK,2021-01-11 22:57:27
293,Sobolevo,54.4299,31.8996,16.18,97,100,6.04,RU,2021-01-11 22:57:10
294,Guerrero Negro,27.9769,-114.0611,69.31,26,0,13.94,MX,2021-01-11 22:50:44
295,Dunedin,-45.8742,170.5036,62.4,64,0,5.44,NZ,2021-01-11 22:51:17
296,Yuli,9.6989,10.2744,74.57,20,0,6.58,NG,2021-01-11 22:57:28
297,Giddarbaha,30.2,74.6667,46.71,49,0,4.97,IN,2021-01-11 22:57:28
298,Sun City,33.5975,-112.2718,69.01,17,1,3.44,US,2021-01-11 22:57:28
299,Fort Nelson,58.8053,-122.7002,14.0,92,75,2.3,CA,2021-01-11 22:51:01
300,Maarianhamina,60.0973,19.9348,39.2,93,90,25.32,AX,2021-01-11 22:57:28
301,Olafsvik,64.8945,-23.7142,30.79,90,9,6.26,IS,2021-01-11 22:51:02
302,Half Moon Bay,37.4636,-122.4286,60.01,71,1,2.28,US,2021-01-11 22:53:37
303,Damascus,33.5102,36.2913,41.0,65,0,1.5,SY,2021-01-11 22:57:28
304,Acapulco,16.8634,-99.8901,84.2,65,75,5.75,MX,2021-01-11 22:50:26
305,Alice Springs,-23.7,133.8833,84.2,42,0,5.75,AU,2021-01-11 22:51:00
306,Bathsheba,13.2167,-59.5167,73.4,88,20,5.75,BB,2021-01-11 22:56:24
307,Qaqortoq,60.7167,-46.0333,42.8,33,75,23.02,GL,2021-01-11 22:50:48
308,Port-Gentil,-0.7193,8.7815,80.6,89,20,6.91,GA,2021-01-11 22:51:10
309,Kawhia,-38.0651,174.8183,78.01,54,32,1.99,NZ,2021-01-11 22:57:29
310,Doha,25.2867,51.5333,62.6,67,0,8.05,QA,2021-01-11 22:55:48
311,Praia,14.9215,-23.5087,69.8,73,75,19.57,CV,2021-01-11 22:57:29
312,Korla,41.7597,86.1469,12.27,85,0,7.34,CN,2021-01-11 22:50:43
313,Salalah,17.0151,54.0924,71.6,23,0,17.27,OM,2021-01-11 22:50:53
314,Rio Grande,-32.035,-52.0986,69.24,94,100,13.22,BR,2021-01-11 22:50:54
315,Yumen,40.2833,97.2,16.93,69,0,36.73,CN,2021-01-11 22:56:09
316,Namibe,-15.1961,12.1522,72.77,65,86,8.05,AO,2021-01-11 22:50:55
317,Puerto Del Rosario,28.5004,-13.8627,59.0,72,20,10.36,ES,2021-01-11 22:54:23
318,Buin,-33.7333,-70.75,82.4,21,0,8.05,CL,2021-01-11 22:51:07
319,Kruisfontein,-34.0033,24.7314,66.99,93,100,3.0,ZA,2021-01-11 22:50:49
320,Shumikha,55.2261,63.2961,-8.91,91,100,13.35,RU,2021-01-11 22:57:30
321,Eston,51.1501,-108.7514,30.2,80,75,10.36,CA,2021-01-11 22:57:30
322,El Fuerte,26.4189,-108.6194,75.63,19,0,11.18,MX,2021-01-11 22:57:30
323,Calderitas,18.55,-88.25,80.6,78,40,9.22,MX,2021-01-11 22:56:33
324,Khuzhir,53.1939,107.3397,4.57,85,63,14.45,RU,2021-01-11 22:54:31
325,Mujiayingzi,42.1167,118.7833,2.26,85,83,9.04,CN,2021-01-11 22:57:30
326,Chihuahua,28.5,-106.0,44.6,42,40,11.5,MX,2021-01-11 22:57:30
327,Sitka,57.0531,-135.33,39.2,87,90,13.8,US,2021-01-11 22:54:42
328,Shahrud,36.4182,54.9763,32.59,78,0,2.53,IR,2021-01-11 22:57:31
329,Namatanai,-3.6667,152.4333,84.2,69,100,6.22,PG,2021-01-11 22:50:37
330,Egvekinot,66.3167,-179.1667,-17.93,83,75,14.14,RU,2021-01-11 22:56:32
331,Kidal,18.4411,1.4078,69.98,21,0,8.08,ML,2021-01-11 22:51:14
332,Antsohihy,-14.8796,47.9875,75.58,90,97,1.88,MG,2021-01-11 22:57:31
333,Abohar,30.15,74.1833,47.88,46,0,4.07,IN,2021-01-11 22:57:31
334,Sartell,45.6216,-94.2069,35.6,64,75,6.91,US,2021-01-11 22:57:31
335,Krasnoturansk,54.3186,91.5639,1.4,71,40,11.18,RU,2021-01-11 22:50:33
336,Imperia,43.9667,7.7833,41.0,30,0,11.5,IT,2021-01-11 22:57:31
337,Guhagar,17.4842,73.1929,77.2,66,38,3.31,IN,2021-01-11 22:57:31
338,Bilma,18.6853,12.9164,65.79,25,0,4.27,NE,2021-01-11 22:50:28
339,Manzhouli,49.6,117.4333,-3.35,91,100,4.38,CN,2021-01-11 22:57:32
340,Kutum,14.2,24.6667,54.14,38,0,9.13,SD,2021-01-11 22:50:44
341,Havre,49.5833,0.3333,44.6,93,75,18.41,FR,2021-01-11 22:51:06
342,Biloela,-24.4167,150.5,78.26,52,0,13.67,AU,2021-01-11 22:56:22
343,Basoko,1.2391,23.616,75.83,65,56,2.82,CD,2021-01-11 22:57:32
344,Darnah,32.767,22.6367,68.43,49,0,22.53,LY,2021-01-11 22:51:03
345,Tefe,-3.3542,-64.7114,77.0,88,40,1.88,BR,2021-01-11 22:57:32
346,Tshikapa,-6.4167,20.8,69.76,90,87,0.76,CD,2021-01-11 22:57:32
347,Omboue,-1.5746,9.2618,78.33,87,100,6.69,GA,2021-01-11 22:57:32
348,Quthing,-30.4,27.7003,60.76,84,100,3.65,LS,2021-01-11 22:57:32
349,Bridlington,54.0831,-0.1919,45.0,87,100,4.0,GB,2021-01-11 22:52:22
350,Uyuni,-20.4597,-66.825,63.43,29,70,9.19,BO,2021-01-11 22:57:32
351,Bobrovka,54.047,61.7455,-6.59,91,100,12.62,RU,2021-01-11 22:57:33
352,Wakkanai,45.4094,141.6739,22.66,93,100,10.02,JP,2021-01-11 22:57:33
353,Ceska Skalice,50.3947,16.0428,26.01,91,73,6.62,CZ,2021-01-11 22:57:33
354,Muntilan,-7.5811,110.2928,77.0,94,40,2.3,ID,2021-01-11 22:57:33
355,Lamu,-2.2717,40.902,78.8,78,40,8.05,KE,2021-01-11 22:51:18
356,Makir,7.0308,124.3042,75.58,88,95,2.64,PH,2021-01-11 22:57:33
357,Glomfjord,66.8167,13.9667,24.8,58,0,31.07,NO,2021-01-11 22:57:33
358,Canutama,-6.5339,-64.3831,76.96,90,96,0.56,BR,2021-01-11 22:57:33
359,Clovis,36.8252,-119.7029,62.01,58,40,3.44,US,2021-01-11 22:57:33
360,Eureka,40.8021,-124.1637,57.99,79,65,1.01,US,2021-01-11 22:50:28
361,Marawi,7.9986,124.2928,75.0,95,49,3.0,PH,2021-01-11 22:51:20
362,Kudahuvadhoo,2.6708,72.8944,80.89,78,85,14.85,MV,2021-01-11 22:57:34
363,Buala,-8.145,159.5921,82.42,79,100,7.74,SB,2021-01-11 22:57:34
364,New Waterford,40.8451,-80.6145,32.0,63,98,5.01,US,2021-01-11 22:57:34
365,Ticvaniu Mare,45.1353,21.6381,32.0,93,90,2.3,RO,2021-01-11 22:57:34
366,Viedma,-40.8135,-62.9967,64.99,23,28,15.37,AR,2021-01-11 22:51:13
367,Mitchell,43.7094,-98.0298,41.0,60,1,10.36,US,2021-01-11 22:57:34
368,Ler,8.3018,30.1418,74.16,24,48,4.25,SS,2021-01-11 22:57:34
369,Saint-Francois,46.4154,3.9054,28.0,93,90,4.61,FR,2021-01-11 22:56:47
370,Okhotsk,59.3833,143.3,-10.03,89,100,7.23,RU,2021-01-11 22:57:34
371,West Wendover,40.7391,-114.0733,33.8,60,1,5.75,US,2021-01-11 22:54:47
372,Tombouctou,20.0,-3.0,63.0,29,0,12.37,ML,2021-01-11 22:57:35
373,Ivangorod,59.3716,28.2162,15.24,97,97,10.07,RU,2021-01-11 22:57:35
374,Qasigiannguit,68.8193,-51.1922,24.8,93,90,2.3,GL,2021-01-11 22:51:16
375,Ola,59.5833,151.2833,1.45,92,100,9.01,RU,2021-01-11 22:57:35
376,Grenfell,-33.9,148.1667,82.99,38,96,11.99,AU,2021-01-11 22:57:35
377,Beringovskiy,63.05,179.3167,-21.48,80,40,12.82,RU,2021-01-11 22:54:42
378,Sinnamary,5.3833,-52.95,77.86,85,38,12.73,GF,2021-01-11 22:54:07
379,Valparaiso,-33.0393,-71.6273,78.8,46,0,19.57,CL,2021-01-11 22:54:30
380,Bahraich,27.5833,81.6,47.43,65,0,6.33,IN,2021-01-11 22:57:36
381,The Valley,18.217,-63.0578,79.0,69,20,11.5,AI,2021-01-11 22:53:25
382,Vanavara,60.34,102.2797,-35.21,83,47,2.06,RU,2021-01-11 22:57:36
383,Atar,20.5169,-13.0499,59.76,42,100,9.98,MR,2021-01-11 22:46:15
384,Long Beach,33.767,-118.1892,77.0,13,1,5.5,US,2021-01-11 22:57:17
385,Ust-Nera,64.5667,143.2,-31.68,74,91,3.69,RU,2021-01-11 22:50:41
386,Olga,43.7444,135.2892,9.48,80,100,3.58,RU,2021-01-11 22:57:36
387,Naze,28.3667,129.4833,51.8,82,75,14.97,JP,2021-01-11 22:50:35
388,Yankton,42.8711,-97.3973,41.0,60,1,9.22,US,2021-01-11 22:56:28
389,Uruzgan,32.8333,66.0,33.19,58,0,6.13,AF,2021-01-11 22:57:36
390,Jijiga,9.35,42.8,57.04,47,69,11.23,ET,2021-01-11 22:57:36
391,Labuhan,-6.8844,112.2051,78.15,87,96,6.93,ID,2021-01-11 22:57:36
392,Am Timan,11.0297,20.2827,68.95,22,0,5.57,TD,2021-01-11 22:51:08
393,Massaguet,12.4755,15.4365,75.2,19,0,11.5,TD,2021-01-11 22:57:37
394,Gizo,-8.103,156.8419,83.5,71,95,4.54,SB,2021-01-11 22:56:13
395,Kilindoni,-7.9139,39.6668,80.96,80,30,18.81,TZ,2021-01-11 22:57:37
396,Puno,-15.8333,-70.0333,53.8,59,15,7.07,PE,2021-01-11 22:57:37
397,Hirara,24.8,125.2833,53.6,87,75,16.11,JP,2021-01-11 22:54:51
398,Howard Springs,-12.497,131.047,84.0,83,20,4.61,AU,2021-01-11 22:57:37
399,Codrington,-38.2667,141.9667,60.24,65,89,11.48,AU,2021-01-11 22:50:39
400,Grand Gaube,-20.0064,57.6608,79.0,87,98,8.01,MU,2021-01-11 22:56:50
401,Rocha,-34.4833,-54.3333,75.11,80,100,11.32,UY,2021-01-11 22:50:36
402,Dabat,12.9842,37.765,45.54,58,0,4.0,ET,2021-01-11 22:57:37
403,Jacareacanga,-6.2222,-57.7528,75.54,82,99,1.68,BR,2021-01-11 22:56:34
404,Verkhnevilyuysk,63.4453,120.3167,-43.65,81,92,1.88,RU,2021-01-11 22:56:25
405,Bilibino,68.0546,166.4372,-26.41,80,1,2.21,RU,2021-01-11 22:51:18
406,Te Anau,-45.4167,167.7167,66.76,51,5,2.55,NZ,2021-01-11 22:50:47
407,Luanda,-8.8368,13.2343,77.0,78,20,4.61,AO,2021-01-11 22:50:35
408,Port Hedland,-20.3167,118.5667,84.2,89,14,2.3,AU,2021-01-11 22:51:01
409,Ibiruba,-28.6275,-53.0897,80.89,69,9,7.34,BR,2021-01-11 22:57:38
410,Tautira,-17.7333,-149.15,84.2,65,75,9.22,PF,2021-01-11 22:51:19
411,Bogale,16.2833,95.4,70.36,72,7,1.07,MM,2021-01-11 22:57:38
412,Dingle,10.9995,122.6711,74.37,90,100,13.02,PH,2021-01-11 22:54:20
413,Itamaraca,-7.7478,-34.8256,78.8,69,75,6.91,BR,2021-01-11 22:57:38
414,West Fargo,46.875,-96.9004,28.4,86,1,5.75,US,2021-01-11 22:57:39
415,Peris,44.6847,26.0139,32.0,100,90,11.5,RO,2021-01-11 22:57:39
416,Coihaique,-45.5752,-72.0662,53.6,47,75,12.66,CL,2021-01-11 22:54:12
417,Cozumel,20.5083,-86.9458,75.2,88,90,5.75,MX,2021-01-11 22:57:39
418,Gari,59.4307,62.3497,-26.91,86,92,7.02,RU,2021-01-11 22:57:39
419,Botwood,49.1499,-55.3482,25.0,82,7,4.0,CA,2021-01-11 22:57:39
420,College,64.8569,-147.8028,21.2,86,75,2.95,US,2021-01-11 22:50:36
421,Vaitape,-16.5167,-151.75,81.3,76,100,21.18,PF,2021-01-11 22:57:39
422,Batsfjord,70.6345,29.7185,12.2,73,75,19.57,NO,2021-01-11 22:56:21
423,Tibacuy,4.3511,-72.4564,80.4,67,19,8.66,CO,2021-01-11 22:57:39
424,Panguma,8.1833,-11.1333,71.78,96,18,1.34,SL,2021-01-11 22:57:39
425,Coaticook,45.1334,-71.7991,28.4,80,100,3.78,CA,2021-01-11 22:57:39
426,Tilichiki,60.4667,166.1,-19.05,86,98,11.05,RU,2021-01-11 22:57:40
427,Rockland,41.1668,-74.0496,32.0,81,98,2.89,US,2021-01-11 22:57:40
428,Rudnogorsk,57.2639,103.7519,-17.86,89,100,3.4,RU,2021-01-11 22:57:40
429,Watsa,3.0372,29.5355,67.33,54,41,1.19,CD,2021-01-11 22:57:40
430,Jalu,29.0331,21.5482,64.08,43,70,10.54,LY,2021-01-11 22:50:44
431,Pangai,-19.8,-174.35,84.2,79,75,8.05,TO,2021-01-11 22:57:40
432,Nuevitas,21.5453,-77.2644,78.8,78,75,13.8,CU,2021-01-11 22:57:40
433,Monrovia,6.3005,-10.7969,78.98,86,57,9.66,LR,2021-01-11 22:54:06
434,Marsala,37.7966,12.4352,55.0,93,20,5.75,IT,2021-01-11 22:57:40
435,Bubaque,11.2833,-15.8333,81.45,66,60,13.49,GW,2021-01-11 22:56:41
436,Nuuk,64.1835,-51.7216,23.0,93,75,9.22,GL,2021-01-11 22:54:24
437,Savannah Bight,16.45,-85.85,82.99,78,40,10.25,HN,2021-01-11 22:57:41
438,Aasiaat,68.7098,-52.8699,17.17,96,100,5.7,GL,2021-01-11 22:57:41
439,Pasighat,28.0667,95.3333,60.93,69,87,1.88,IN,2021-01-11 22:54:24
440,Forbes,-33.3833,148.0167,82.99,38,100,11.99,AU,2021-01-11 22:57:41
441,Dwarka,22.2394,68.9678,68.52,42,11,13.65,IN,2021-01-11 22:57:41
442,Canton,23.1167,113.25,41.0,42,0,8.95,CN,2021-01-11 22:54:23
443,Manakara,-22.1333,48.0167,74.35,90,41,4.99,MG,2021-01-11 22:57:41
444,Raga,8.4596,25.678,64.69,27,0,4.32,SS,2021-01-11 22:57:41
445,Sao Filipe,14.8961,-24.4956,70.0,73,49,17.22,CV,2021-01-11 22:50:30
446,Langevag,62.4375,6.1892,28.0,86,75,4.61,NO,2021-01-11 22:57:41
447,Nerchinskiy Zavod,51.3088,119.61,-18.56,88,99,0.76,RU,2021-01-11 22:57:41
448,Albolote,37.2309,-3.6551,37.0,93,16,0.34,ES,2021-01-11 22:57:42
449,Sar-E Pul,35.8333,66.1667,34.03,57,0,6.85,AF,2021-01-11 22:57:42
450,Basingstoke,51.2625,-1.0871,46.99,81,75,19.57,GB,2021-01-11 22:56:44
451,Casper,42.8666,-106.3131,33.8,44,1,23.02,US,2021-01-11 22:54:58
452,Maxixe,-23.8597,35.3472,76.08,89,28,6.08,MZ,2021-01-11 22:57:11
453,Veraval,20.9,70.3667,71.26,37,0,13.51,IN,2021-01-11 22:55:41
454,Genhe,50.7833,121.5167,-13.63,87,99,1.66,CN,2021-01-11 22:57:03
455,Fernley,39.608,-119.2518,46.99,34,99,5.99,US,2021-01-11 22:57:42
456,Yorosso,12.3536,-4.7761,77.0,16,0,8.7,ML,2021-01-11 22:57:42
457,Carutapera,-1.195,-46.02,79.12,79,34,7.09,BR,2021-01-11 22:56:35
458,Ugoofaaru,5.6667,73.0,80.38,77,100,11.34,MV,2021-01-11 22:57:42
459,Ranong,9.9658,98.6348,74.43,81,65,9.15,TH,2021-01-11 22:57:43
460,Vila Velha,-20.3297,-40.2925,80.6,78,75,11.5,BR,2021-01-11 22:50:46
461,Santa Cruz De Tenerife,28.4682,-16.2546,57.0,81,75,9.22,ES,2021-01-11 22:56:44
462,Sarmanovo,55.2553,52.5891,-2.2,84,99,6.71,RU,2021-01-11 22:57:43
463,Bijie,27.3125,105.2942,28.42,82,89,5.37,CN,2021-01-11 22:54:42
464,Riyadh,24.6877,46.7219,51.8,58,0,6.91,SA,2021-01-11 22:47:07
465,Giyon,8.5333,37.9833,57.29,78,72,5.88,ET,2021-01-11 22:57:43
466,Tocopilla,-22.092,-70.1979,70.9,63,46,11.65,CL,2021-01-11 22:51:53
467,Touros,-5.1989,-35.4608,80.6,74,40,12.66,BR,2021-01-11 22:50:31
468,Oranjemund,-28.55,16.4333,63.1,92,13,6.62,NA,2021-01-11 22:56:47
469,Vire,48.9167,-0.8333,44.6,87,90,14.97,FR,2021-01-11 22:57:43
470,Ancud,-41.8697,-73.8203,60.01,51,0,13.8,CL,2021-01-11 22:50:31
471,Port Augusta,-32.5,137.7667,73.0,63,40,16.11,AU,2021-01-11 22:51:20
472,Tiarei,-17.5333,-149.3333,84.2,65,75,9.22,PF,2021-01-11 22:50:53
473,Umba,66.6871,34.3429,15.94,94,100,12.77,RU,2021-01-11 22:57:44
474,Harnosand,62.6323,17.9379,36.0,100,90,26.46,SE,2021-01-11 22:57:44
475,Jardim,-21.4803,-56.1381,83.35,54,0,1.3,BR,2021-01-11 22:57:44
476,Kieta,-6.2167,155.6333,77.47,88,100,2.82,PG,2021-01-11 22:56:14
477,Nelson Bay,-32.7167,152.15,79.0,68,0,6.91,AU,2021-01-11 22:51:01
478,Oktyabrskoye,43.0645,44.7417,32.0,100,100,8.95,RU,2021-01-11 22:51:23
479,Quang Ngai,15.1167,108.8,60.12,89,99,10.98,VN,2021-01-11 22:57:44
480,Lazaro Cardenas,17.9583,-102.2,80.37,59,0,6.44,MX,2021-01-11 22:54:32
481,Pernem,15.7167,73.8,75.65,64,41,3.22,IN,2021-01-11 22:57:44
482,Sabzevar,36.2126,57.6819,33.37,71,0,1.63,IR,2021-01-11 22:57:45
483,Palaikastron,35.2,26.25,64.99,85,52,18.16,GR,2021-01-11 22:57:45
484,Coahuayana,18.7333,-103.6833,80.6,36,20,4.29,MX,2021-01-11 22:50:24
485,Armidale,-30.5167,151.65,69.01,79,1,3.96,AU,2021-01-11 22:57:45
486,Okha,53.5739,142.9478,-15.88,86,97,3.18,RU,2021-01-11 22:56:51
487,Alexandria,31.2156,29.9553,60.8,88,0,5.75,EG,2021-01-11 22:54:02
488,Mishawaka,41.662,-86.1586,27.0,80,90,12.66,US,2021-01-11 22:57:45
489,Meulaboh,4.1363,96.1285,75.33,86,89,4.03,ID,2021-01-11 22:54:37
490,Sao Sebastiao,-23.76,-45.4097,77.59,88,81,6.93,BR,2021-01-11 22:57:45
491,Mandalgovi,45.7625,106.2708,11.05,86,88,19.8,MN,2021-01-11 22:51:04
492,Nakhon Sawan,15.7,100.0833,59.49,42,28,5.91,TH,2021-01-11 22:57:46
493,Sorland,67.667,12.6934,32.31,89,0,20.71,NO,2021-01-11 22:56:55
494,Sisophon,13.5859,102.9737,58.68,60,33,12.88,KH,2021-01-11 22:57:46
495,Saint-Joseph,-21.3667,55.6167,77.0,88,20,4.61,RE,2021-01-11 22:54:13
496,Havre-Saint-Pierre,50.2334,-63.5986,14.0,73,1,4.61,CA,2021-01-11 22:56:26
497,Iskateley,67.6803,53.1512,-10.57,85,48,5.77,RU,2021-01-11 22:54:14
498,Ciudad Bolivar,8.1222,-63.5497,81.03,60,26,9.91,VE,2021-01-11 22:57:46
499,Pakokku,21.3333,95.1,69.22,66,100,2.84,MM,2021-01-11 22:57:46
500,Harper,4.375,-7.7169,78.51,84,93,6.87,LR,2021-01-11 22:51:12
501,Boa Vista,2.8197,-60.6733,82.4,69,40,5.75,BR,2021-01-11 22:50:47
502,Simga,21.6333,81.7,64.08,59,65,6.38,IN,2021-01-11 22:57:47
503,Husavik,66.0449,-17.3389,10.4,92,0,3.44,IS,2021-01-11 22:50:41
504,Potosi,-19.5836,-65.7531,45.0,85,93,9.31,BO,2021-01-11 22:56:07
505,Mahibadhoo,3.7833,72.9667,81.12,77,86,12.91,MV,2021-01-11 22:57:47
506,Biltine,14.5333,20.9167,67.14,23,0,14.36,TD,2021-01-11 22:54:24
507,Northam,51.0333,-4.2167,48.99,95,100,18.99,GB,2021-01-11 22:51:03
508,Hachinohe,40.5,141.5,24.01,74,100,3.47,JP,2021-01-11 22:57:47
509,Kholodnyy,62.7167,147.95,-22.68,84,100,2.42,RU,2021-01-11 22:57:47
510,Cuauhtemoc,28.4167,-106.8667,43.0,47,58,5.01,MX,2021-01-11 22:56:44
511,Ongandjera,-17.8833,15.0667,70.3,48,100,9.33,NA,2021-01-11 22:57:48
512,Mahon,39.8885,4.2658,42.8,93,75,6.91,ES,2021-01-11 22:57:48
513,Kavaratti,10.5669,72.642,81.95,75,100,9.17,IN,2021-01-11 22:51:05
514,Saint-Pierre,-21.3393,55.4781,77.0,88,20,4.61,RE,2021-01-11 22:52:57
515,Kumluca,36.3703,30.2869,59.86,75,100,3.87,TR,2021-01-11 22:57:48
516,Lumeje,-11.55,20.7833,64.83,91,63,4.54,AO,2021-01-11 22:56:39
517,The Pas,53.8251,-101.2541,24.8,68,20,8.05,CA,2021-01-11 22:57:48
518,Cabedelo,-6.9811,-34.8339,78.8,83,20,6.91,BR,2021-01-11 22:57:48
519,Grindavik,63.8424,-22.4338,30.2,74,75,8.05,IS,2021-01-11 22:50:34
520,Znamenskoye,57.1281,73.8282,-22.27,85,42,7.02,RU,2021-01-11 22:57:48
521,Paslek,54.0616,19.6593,30.99,84,99,8.99,PL,2021-01-11 22:57:48
522,Zyuzelskiy,56.4856,60.1331,-4.0,77,40,11.18,RU,2021-01-11 22:57:49
523,Jinxiang,27.4327,120.6062,37.74,73,0,7.07,CN,2021-01-11 22:57:49
524,Mahenge,-8.6833,36.7167,64.09,100,100,1.12,TZ,2021-01-11 22:57:49
525,Gao,16.6362,1.637,73.51,18,0,9.1,ML,2021-01-11 22:57:49
526,Zulueta,42.7451,-1.5793,33.8,75,20,4.61,ES,2021-01-11 22:57:49
527,Lata,40.1629,-8.3327,41.0,80,0,3.44,PT,2021-01-11 22:57:19
528,Ishinomaki,38.4167,141.3,26.6,93,75,9.22,JP,2021-01-11 22:57:49
529,Koutiala,12.3917,-5.4642,75.65,17,0,10.04,ML,2021-01-11 22:57:49
530,Blackwater,-23.5833,148.8833,79.29,50,47,10.71,AU,2021-01-11 22:57:49
531,Shipunovo,52.1582,82.2173,12.36,96,100,7.61,RU,2021-01-11 22:57:49
532,Lapa,-25.7697,-49.7158,71.6,94,90,8.05,BR,2021-01-11 22:57:49
533,Sanchor,24.7553,71.7722,54.91,37,0,10.92,IN,2021-01-11 22:57:49
534,Muhororo,0.9381,30.7594,68.32,59,38,1.45,UG,2021-01-11 22:57:50
535,Canete,-37.8,-73.4,57.49,54,0,9.57,CL,2021-01-11 22:57:50
536,Novo Aripuana,-5.1206,-60.3797,76.06,94,83,1.68,BR,2021-01-11 22:57:50
537,Zabid,14.1951,43.3152,72.9,68,19,5.23,YE,2021-01-11 22:54:49
538,Newport,51.5877,-2.9984,48.99,95,100,7.0,GB,2021-01-11 22:57:50
539,Merrill,45.1805,-89.6835,30.2,86,1,7.05,US,2021-01-11 22:57:50
540,Entre Rios,-11.9419,-38.0844,73.83,87,24,4.88,BR,2021-01-11 22:57:50
541,Tessalit,20.1986,1.0114,62.91,28,0,11.14,ML,2021-01-11 22:57:50
542,Pindiga,9.9833,10.9333,71.73,22,0,11.97,NG,2021-01-11 22:57:51
543,Carauari,-4.8828,-66.8958,76.26,92,49,1.61,BR,2021-01-11 22:50:55
544,Tarauaca,-8.1614,-70.7656,78.24,87,66,2.57,BR,2021-01-11 22:57:51
545,Nara,34.6851,135.8049,35.01,100,75,3.44,JP,2021-01-11 22:54:31
546,Vestmannaeyjar,63.4427,-20.2734,37.45,77,6,13.65,IS,2021-01-11 22:50:35
547,Almaznyy,48.0448,40.045,30.2,100,75,6.71,RU,2021-01-11 22:51:09
548,Kon Tum,14.35,108.0,53.98,78,9,4.23,VN,2021-01-11 22:57:51
549,Dmitriyevka,54.75,55.3333,6.8,85,90,6.71,RU,2021-01-11 22:57:51
550,Amapa,1.0,-52.0,73.62,97,100,4.34,BR,2021-01-11 22:54:40
551,Shitanjing,39.2342,106.3439,21.0,62,0,21.92,CN,2021-01-11 22:57:52
552,Ladario,-19.0047,-57.6017,93.2,62,20,6.91,BR,2021-01-11 22:57:52
553,Williams Lake,52.1415,-122.1445,42.8,56,20,5.75,CA,2021-01-11 22:54:45
554,Innsbruck,47.2627,11.3945,19.99,73,75,4.61,AT,2021-01-11 22:57:52
555,Valdivia,-39.8142,-73.2459,64.4,48,18,9.22,CL,2021-01-11 22:56:04
